id,date,app_type,document_types,model_detail,department,doctor,input_tokens,output_tokens,total_tokens,processing_time
1,2025-05-21 01:54:33.611814+00:00,opinion_letter,主治医意見書,gemini-2.5-pro-preview-05-06,default,default,35290,622,35912,37
2,2025-05-21 01:55:53.692409+00:00,opinion_letter,主治医意見書,gemini-2.5-pro-preview-05-06,default,default,29809,591,30400,63
3,2025-05-21 02:20:47.501216+00:00,opinion_letter,主治医意見書,gemini-2.5-pro-preview-05-06,default,default,21519,569,22088,72
4,2025-05-21 02:34:21.371229+00:00,opinion_letter,主治医意見書,gemini-2.5-pro-preview-05-06,default,default,29810,719,30529,87
5,2025-05-21 02:45:26.680261+00:00,opinion_letter,主治医意見書,gemini-2.5-pro-preview-05-06,default,default,11891,648,12539,55
6,2025-05-23 02:38:49.394953+00:00,opinion_letter,主治医意見書,gemini-2.5-pro-preview-05-06,default,default,9235,664,9899,52
34,2025-05-27 05:34:12.012110+00:00,opinion_letter,主治医意見書,gemini-2.5-pro-preview-05-06,default,default,89205,509,89714,49
67,2025-05-28 04:31:14.002175+00:00,opinion_letter,訪問看護指示書,gemini-2.5-pro-preview-05-06,default,default,35252,284,35536,58
68,2025-05-28 04:53:26.578921+00:00,opinion_letter,主治医意見書,gemini-2.5-pro-preview-05-06,default,default,68928,632,69560,53
69,2025-05-28 06:24:55.199428+00:00,opinion_letter,主治医意見書,gemini-2.5-pro-preview-05-06,default,default,13695,604,14299,61
70,2025-05-28 07:12:23.533081+00:00,opinion_letter,主治医意見書,gemini-2.5-pro-preview-05-06,default,default,24807,876,25683,48
71,2025-05-29 06:49:53.264068+00:00,opinion_letter,主治医意見書,gemini-2.5-flash-preview-05-20,default,default,10323,646,10969,24
72,2025-05-29 09:46:29.783644+00:00,opinion_letter,訪問看護指示書,gemini-2.5-flash-preview-05-20,default,default,11193,265,11458,31
73,2025-05-29 09:56:56.498182+00:00,opinion_letter,主治医意見書,gemini-2.5-pro-preview-05-06,default,default,11636,427,12063,62
74,2025-05-29 10:01:31.042293+00:00,opinion_letter,訪問看護指示書,Claude,default,default,15313,317,15630,10
75,2025-05-29 10:03:45.045889+00:00,opinion_letter,主治医意見書,Claude,default,default,24251,680,24931,18
76,2025-05-30 04:07:29.304735+00:00,opinion_letter,主治医意見書,gemini-2.5-flash-preview-05-20,default,default,41701,817,42518,30
77,2025-05-30 05:23:25.700413+00:00,opinion_letter,主治医意見書,gemini-2.5-pro-preview-05-06,default,default,11812,579,12391,90
78,2025-06-02 05:28:58.314432+00:00,opinion_letter,主治医意見書,Claude,default,default,3329,592,3921,14
79,2025-06-03 06:53:45.703914+00:00,opinion_letter,主治医意見書,gemini-2.5-pro-preview-05-06,default,default,36562,599,37161,80
80,2025-06-03 06:57:56.886511+00:00,opinion_letter,主治医意見書,gemini-2.5-pro-preview-05-06,default,default,21579,517,22096,71
81,2025-06-04 10:33:18.458862+00:00,opinion_letter,主治医意見書,gemini-2.5-flash-preview-05-20,default,default,11636,456,12092,22
82,2025-06-07 09:29:47.886025+00:00,opinion_letter,主治医意見書,gemini-2.5-pro-preview-05-06,default,default,21519,515,22034,53
83,2025-06-10 05:55:02.272978+00:00,opinion_letter,主治医意見書,gemini-2.5-pro-preview-06-05,default,default,120163,425,120588,50
84,2025-06-12 10:38:02.597748+00:00,referral_letter,診療情報提供書,Claude,default,default,14339,864,15203,22
85,2025-06-15 06:24:46.164896+00:00,referral_letter,診療情報提供書,Claude,default,default,14686,823,15509,19
86,2025-06-16 10:29:31.806713+00:00,referral_letter,診療情報提供書,Claude,default,default,14896,913,15809,23
87,2025-06-16 10:38:26.088428+00:00,referral_letter,診療情報提供書,Claude,default,default,14922,860,15782,29
88,2025-06-17 06:04:06.363530+00:00,referral_letter,診療情報提供書,Claude,default,default,14995,859,15854,23
89,2025-06-17 06:29:22.590727+00:00,referral_letter,診療情報提供書,Claude,default,default,15056,842,15898,22
90,2025-06-17 06:41:09.299609+00:00,default,主治医意見書,gemini-2.5-pro-preview-06-05,default,default,39061,424,39485,42
91,2025-06-17 08:09:47.321261+00:00,default,訪問看護指示書,gemini-2.5-pro-preview-06-05,default,default,43719,249,43968,30
92,2025-06-17 09:20:56.575965+00:00,referral_letter,診療情報提供書,Claude,default,default,14990,816,15806,22
93,2025-06-17 09:23:22.987798+00:00,referral_letter,診療情報提供書,Claude,default,default,14994,881,15875,24
94,2025-06-17 09:31:52.104011+00:00,referral_letter,他院への紹介,gemini-2.5-pro-preview-06-05,default,default,10373,629,11002,42
95,2025-06-17 09:32:35.934447+00:00,referral_letter,診療情報提供書,Claude,default,default,14994,765,15759,23
96,2025-06-18 04:50:47.240016+00:00,default,主治医意見書,gemini-2.5-pro-preview-06-05,default,default,2679,365,3044,41
97,2025-06-18 06:56:39.305533+00:00,default,主治医意見書,gemini-2.5-pro-preview-06-05,default,default,10025,412,10437,42
98,2025-06-18 10:33:53.834313+00:00,referral_letter,診療情報提供書,gemini-2.5-flash-preview-05-20,default,default,11024,894,11918,46
99,2025-06-18 10:43:25.092124+00:00,referral_letter,診療情報提供書,Claude,default,default,15032,799,15831,31
100,2025-06-18 10:47:31.548791+00:00,referral_letter,診療情報提供書,Claude,default,default,15032,861,15893,26
101,2025-06-18 10:50:28.067390+00:00,referral_letter,診療情報提供書,Claude,default,default,15032,796,15828,22
102,2025-06-21 09:49:57.188213+00:00,referral_letter,他院への紹介,gemini-2.5-pro-preview-06-05,default,default,10374,704,11078,45
103,2025-06-21 09:51:49.588096+00:00,referral_letter,他院への紹介,Claude,default,default,14045,960,15005,22
104,2025-06-21 09:54:44.513626+00:00,referral_letter,診療情報提供書,Claude,default,default,15048,742,15790,19
105,2025-06-24 07:20:59.160054+00:00,default,主治医意見書,gemini-2.5-pro,default,default,11045,1362,12407,55
106,2025-06-24 07:23:38.203496+00:00,default,主治医意見書,gemini-2.5-pro,default,default,19156,1754,20910,64
107,2025-06-24 07:25:26.404951+00:00,default,主治医意見書,gemini-2.5-pro,default,default,9618,1590,11208,64
133,2025-06-25 01:48:37.888467+00:00,referral_letter,診療情報提供書,Claude,default,default,4232,683,4915,17
134,2025-06-25 07:35:27.396998+00:00,referral_letter,診療情報提供書,Claude,default,default,4966,724,5690,18
135,2025-06-27 05:16:34.467693+00:00,default,主治医意見書,gemini-2.5-pro,default,default,24382,2153,26535,62
136,2025-06-27 05:18:32.928274+00:00,default,主治医意見書,gemini-2.5-pro,default,default,24673,2035,26708,64
137,2025-06-28 06:03:11.219367+00:00,default,主治医意見書,gemini-2.5-pro,default,default,59598,1540,61138,58
138,2025-06-28 06:08:17.586117+00:00,default,主治医意見書,gemini-2.5-pro,default,default,14884,1811,16695,56
139,2025-07-02 01:41:07.114494+00:00,default,訪問看護指示書,Claude,default,default,27452,439,27891,15
140,2025-07-04 00:21:41.974963+00:00,referral_letter,診療情報提供書,Claude,default,default,21761,771,22532,23
141,2025-07-04 06:59:34.930552+00:00,default,訪問看護指示書,gemini-2.5-pro,default,default,53133,275,53408,41
142,2025-07-08 05:36:53.167828+00:00,default,主治医意見書,gemini-2.5-pro,default,default,41105,1718,42823,72
143,2025-07-08 06:47:06.343818+00:00,default,訪問看護指示書,gemini-2.5-pro,default,default,53203,271,53474,38
144,2025-07-11 07:09:20.863016+00:00,default,訪問看護指示書,gemini-2.5-pro,default,default,374907,263,375170,46
145,2025-07-11 23:05:17.420119+00:00,referral_letter,診療情報提供書,Claude,default,default,11776,1141,12917,27
146,2025-07-12 03:40:46.821725+00:00,default,主治医意見書,gemini-2.5-pro,default,default,7099,429,7528,41
147,2025-07-12 03:46:15.223615+00:00,default,主治医意見書,gemini-2.5-pro,default,default,7099,399,7498,44
148,2025-07-12 06:16:24.892321+00:00,default,主治医意見書,gemini-2.5-pro,default,default,58324,540,58864,48
149,2025-07-12 06:17:21.537558+00:00,default,訪問看護指示書,gemini-2.5-pro,default,default,57881,259,58140,36
150,2025-07-14 01:50:49.303758+00:00,default,主治医意見書,gemini-2.5-pro,default,default,26722,515,27237,44
151,2025-07-15 05:51:45.878448+00:00,default,主治医意見書,gemini-2.5-pro,default,default,46695,477,47172,41
152,2025-07-15 07:19:05.615142+00:00,default,主治医意見書,gemini-2.5-pro,default,default,31718,509,32227,57
153,2025-07-18 01:37:05.166783+00:00,default,主治医意見書,gemini-2.5-pro,default,default,15470,470,15940,45
154,2025-07-18 04:51:21.797193+00:00,default,主治医意見書,gemini-2.5-pro,default,default,25161,405,25566,44
155,2025-07-19 06:15:11.912425+00:00,default,主治医意見書,gemini-2.5-pro,default,default,42215,531,42746,39
156,2025-07-19 06:18:50.048855+00:00,default,主治医意見書,gemini-2.5-pro,default,default,9591,446,10037,46
157,2025-07-23 02:05:11.117579+00:00,default,主治医意見書,gemini-2.5-pro,default,default,65636,472,66108,53
158,2025-07-25 04:25:31.662574+00:00,referral_letter,診療情報提供書,Claude,default,default,14124,849,14973,19
159,2025-07-25 05:04:00.170647+00:00,default,主治医意見書,gemini-2.5-pro,default,default,170216,517,170733,48
160,2025-07-29 00:21:53.915714+00:00,default,主治医意見書,gemini-2.5-pro,default,default,19260,485,19745,44
161,2025-07-30 02:56:25.911551+00:00,default,主治医意見書,gemini-2.5-pro,default,default,1267,437,1704,47
162,2025-07-30 03:04:49.451845+00:00,default,主治医意見書,gemini-2.5-pro,default,default,116524,518,117042,50
163,2025-07-30 03:09:06.738909+00:00,default,主治医意見書,gemini-2.5-pro,default,default,1593,418,2011,38
164,2025-08-01 05:29:32.800409+00:00,default,主治医意見書,gemini-2.5-pro,default,default,231803,457,232260,48
165,2025-08-01 06:22:17.556227+00:00,default,訪問看護指示書,gemini-2.5-pro,default,default,191850,238,192088,40
166,2025-08-01 07:52:45.291181+00:00,referral_letter,診療情報提供書,gemini-2.5-pro,眼科,橋本義弘,40453,746,41199,46
167,2025-08-01 08:15:10.637061+00:00,referral_letter,診療情報提供書,gemini-2.5-pro,眼科,橋本義弘,40453,748,41201,66
168,2025-08-02 01:13:46.574230+00:00,referral_letter,診療情報提供書,Claude,眼科,橋本義弘,29564,845,30409,23
169,2025-08-02 01:21:43.874571+00:00,referral_letter,診療情報提供書,Claude,眼科,橋本義弘,29564,928,30492,23
170,2025-08-02 01:28:25.100060+00:00,referral_letter,診療情報提供書,Claude,眼科,橋本義弘,29564,933,30497,24
171,2025-08-02 01:36:49.167117+00:00,referral_letter,診療情報提供書,Claude,眼科,橋本義弘,29599,820,30419,27
172,2025-08-02 01:46:55.852337+00:00,referral_letter,診療情報提供書,Claude,眼科,橋本義弘,4659,556,5215,12
173,2025-08-02 01:55:34.319071+00:00,referral_letter,診療情報提供書,Claude,眼科,橋本義弘,4741,697,5438,14
174,2025-08-02 01:59:04.509673+00:00,referral_letter,診療情報提供書,Claude,眼科,橋本義弘,4750,652,5402,14
175,2025-08-02 05:56:49.320686+00:00,default,主治医意見書,gemini-2.5-pro,default,default,17925,570,18495,48
176,2025-08-04 00:34:17.725783+00:00,referral_letter,診療情報提供書,Claude,眼科,default,24725,631,25356,15
177,2025-08-04 00:38:06.921577+00:00,referral_letter,診療情報提供書,Claude,眼科,default,24725,665,25390,15
178,2025-08-04 05:39:09.708953+00:00,default,主治医意見書,gemini-2.5-pro,default,default,26792,417,27209,49
179,2025-08-05 01:41:51.875720+00:00,default,主治医意見書,gemini-2.5-pro,default,default,10309,481,10790,46
180,2025-08-05 02:51:42.230516+00:00,default,主治医意見書,gemini-2.5-pro,default,default,70181,522,70703,43
181,2025-08-05 07:19:39.501256+00:00,default,主治医意見書,gemini-2.5-pro,default,default,86616,543,87159,56
182,2025-08-06 02:28:18.338427+00:00,default,主治医意見書,gemini-2.5-pro,default,default,263109,407,263516,60
183,2025-08-06 04:53:24.744185+00:00,default,主治医意見書,gemini-2.5-pro,default,default,26515,475,26990,47
184,2025-08-06 23:13:56.892402+00:00,referral_letter,他院への紹介,Claude,眼科,橋本義弘,22959,453,23412,11
185,2025-08-08 01:01:00.563076+00:00,referral_letter,他院への紹介,Claude,眼科,橋本義弘,10250,510,10760,12
186,2025-08-08 01:13:44.512552+00:00,default,主治医意見書,gemini-2.5-pro,default,default,12762,490,13252,43
187,2025-08-08 01:19:27.529797+00:00,default,主治医意見書,gemini-2.5-pro,default,default,12762,469,13231,44
188,2025-08-08 01:20:38.529248+00:00,default,主治医意見書,Claude,default,default,16055,727,16782,18
189,2025-08-08 01:31:28.042922+00:00,default,主治医意見書,GPT4.1,default,default,12804,4830,17634,129
190,2025-08-08 02:29:52.516320+00:00,default,主治医意見書,gemini-2.5-pro,default,default,39227,488,39715,44
191,2025-08-08 02:38:20.903245+00:00,default,主治医意見書,gemini-2.5-pro,default,default,39227,498,39725,47
192,2025-08-08 02:56:12.587807+00:00,default,主治医意見書,gemini-2.5-pro,default,default,20821,474,21295,76
193,2025-08-08 04:36:19.450504+00:00,default,主治医意見書,Claude,default,default,38093,712,38805,18
194,2025-08-08 06:43:41.443221+00:00,referral_letter,他院への紹介,Claude,眼科,橋本義弘,29548,647,30195,20
195,2025-08-08 07:26:01.466481+00:00,default,主治医意見書,Claude,default,default,33456,792,34248,20
196,2025-08-09 03:47:27.720377+00:00,referral_letter,返書,Claude,眼科,橋本義弘,3940,536,4476,14
197,2025-08-09 06:19:12.937345+00:00,default,主治医意見書,Claude,default,default,18987,569,19556,13
198,2025-08-09 07:08:59.518008+00:00,default,主治医意見書,gemini-2.5-pro,default,default,82647,462,83109,42
199,2025-08-11 00:47:11.756334+00:00,referral_letter,他院への紹介,Claude,眼科,橋本義弘,2039,415,2454,7
200,2025-08-12 01:05:58.417779+00:00,default,主治医意見書,Claude,default,default,38380,736,39116,18
201,2025-08-12 01:47:09.094676+00:00,referral_letter,最終返書,Claude,眼科,default,10613,557,11170,13
202,2025-08-12 01:54:52.323307+00:00,referral_letter,最終返書,Claude,眼科,default,10677,577,11254,11
203,2025-08-12 02:39:01.761815+00:00,default,主治医意見書,Claude,default,default,16477,706,17183,15
204,2025-08-12 06:45:01.515263+00:00,default,訪問看護指示書,gemini-2.5-pro,default,default,72965,185,73150,44
205,2025-08-12 06:47:33.719381+00:00,default,訪問看護指示書,Claude,default,default,20470,364,20834,9
206,2025-08-13 00:03:17.237331+00:00,referral_letter,最終返書,Claude,眼科,default,6299,490,6789,11
207,2025-08-13 00:12:02.730518+00:00,referral_letter,最終返書,Claude,眼科,default,6541,552,7093,13
208,2025-08-14 02:09:02.969371+00:00,referral_letter,他院への紹介,Claude,default,default,29718,1017,30735,22
209,2025-08-14 07:17:13.153522+00:00,default,主治医意見書,gemini-2.5-pro,default,default,43452,460,43912,58
210,2025-08-14 23:53:57.497546+00:00,default,主治医意見書,Claude,default,default,14446,620,15066,15
211,2025-08-15 02:27:10.240008+00:00,default,主治医意見書,Claude,default,default,27963,665,28628,18
212,2025-08-15 05:27:00.476385+00:00,default,主治医意見書,Claude,default,default,38248,864,39112,21
213,2025-08-16 00:32:33.634013+00:00,default,主治医意見書,Claude,default,default,12537,671,13208,19
214,2025-08-16 03:48:13.402905+00:00,referral_letter,他院への紹介,Claude,default,default,13424,726,14150,13
215,2025-08-16 05:28:20.059605+00:00,default,主治医意見書,Claude,default,default,33135,646,33781,15
216,2025-08-16 05:30:12.790921+00:00,default,主治医意見書,gemini-2.5-pro,default,default,51737,429,52166,32
217,2025-08-16 06:11:27.435486+00:00,default,訪問看護指示書,Claude,default,default,46049,349,46398,10
218,2025-08-18 07:11:40.616907+00:00,default,主治医意見書,Claude,default,default,24013,645,24658,19
219,2025-08-18 07:12:24.816186+00:00,default,主治医意見書,Claude,default,default,24013,701,24714,17
220,2025-08-18 07:15:09.522105+00:00,default,主治医意見書,Claude,default,default,28145,716,28861,21
221,2025-08-18 07:16:02.205826+00:00,default,主治医意見書,Claude,default,default,28482,712,29194,21
222,2025-08-18 07:30:19.357623+00:00,referral_letter,他院への紹介,Claude,眼科,橋本義弘,13793,487,14280,12
223,2025-08-19 06:56:08.708406+00:00,default,退院時サマリ,gemini-2.5-pro,default,default,41418,951,42369,45
224,2025-08-19 09:19:51.990753+00:00,default,退院時サマリ,gemini-2.5-pro,default,default,41406,1034,42440,53
225,2025-08-19 09:29:46.582979+00:00,default,退院時サマリ,Claude,default,default,57626,922,58548,27
226,2025-08-20 01:29:11.281946+00:00,default,主治医意見書,gemini-2.5-pro,default,default,13555,492,14047,45
227,2025-08-20 04:54:02.998134+00:00,default,主治医意見書,gemini-2.5-pro,default,default,76948,424,77372,43
228,2025-08-20 07:40:33.487075+00:00,default,主治医意見書,Claude,default,default,40582,836,41418,19
229,2025-08-20 07:58:51.870419+00:00,dischargesummary,退院時サマリ,Claude,default,default,16680,1414,18094,32
230,2025-08-20 08:02:19.524608+00:00,dischargesummary,退院時サマリ,gemini-2.5-pro,default,default,14247,1461,15708,82
232,2025-08-21 07:36:36.500750+00:00,dischargesummary,退院時サマリ,Claude,default,default,21589,1660,23249,31
233,2025-08-22 02:43:46.958195+00:00,opinion_letter,主治医意見書,Claude,default,default,10803,684,11487,14
234,2025-08-22 04:41:44.632976+00:00,opinion_letter,主治医意見書,Claude,default,default,15143,599,15742,15
235,2025-08-22 05:11:47.527444+00:00,opinion_letter,主治医意見書,Claude,default,default,5183,689,5872,15
236,2025-08-22 07:03:47.948159+00:00,opinion_letter,主治医意見書,Claude,default,default,15388,720,16108,16
237,2025-08-22 23:53:38.682715+00:00,opinion_letter,主治医意見書,Claude,default,default,17377,665,18042,16
238,2025-08-23 04:47:19.038212+00:00,dischargesummary,退院時サマリ,gemini-2.5-pro,default,default,163557,865,164422,76
239,2025-08-23 04:48:56.745435+00:00,opinion_letter,主治医意見書,gemini-2.5-pro,default,default,164081,481,164562,59
240,2025-08-23 04:50:29.329217+00:00,opinion_letter,主治医意見書,Claude,default,default,23787,709,24496,19
241,2025-08-23 05:56:49.916246+00:00,opinion_letter,主治医意見書,Claude,default,default,49053,815,49868,24
242,2025-08-23 07:22:08.619726+00:00,opinion_letter,訪問看護指示書,gemini-2.5-pro,default,default,81978,222,82200,29
243,2025-08-23 10:00:43.126399+00:00,dischargesummary,退院時サマリ,Claude,default,default,2990,704,3694,16
244,2025-08-23 10:30:27.082597+00:00,dischargesummary,退院時サマリ,Claude,内科,default,2992,668,3660,14
245,2025-08-24 09:24:17.864144+00:00,dischargesummary,退院時サマリ,Claude,default,default,2870,916,3786,19
246,2025-08-26 05:29:46.915436+00:00,opinion_letter,主治医意見書,Claude,default,default,47844,729,48573,22
247,2025-08-26 05:48:50.970474+00:00,opinion_letter,主治医意見書,Claude,default,default,26703,617,27320,17
265,2025-08-27 01:04:42.895167+00:00,opinion_letter,訪問看護指示書,gemini-2.5-pro,default,default,137707,255,137962,44
266,2025-08-27 02:38:57.870106+00:00,opinion_letter,主治医意見書,gemini-2.5-pro,default,default,88292,463,88755,38
267,2025-08-28 05:27:42.481031+00:00,dischargesummary,退院時サマリ,Claude,default,default,7150,1183,8333,27
268,2025-08-28 05:45:14.444328+00:00,opinion_letter,主治医意見書,Claude,default,default,35339,790,36129,20
269,2025-08-28 07:25:30.143319+00:00,dischargesummary,退院時サマリ,Claude,default,default,20293,1490,21783,39
270,2025-08-28 07:51:28.854953+00:00,opinion_letter,訪問看護指示書,Claude,default,default,37436,365,37801,8
271,2025-08-28 08:07:45.542457+00:00,opinion_letter,主治医意見書,Claude,default,default,37871,722,38593,20
272,2025-08-29 01:42:18.738849+00:00,opinion_letter,主治医意見書,Claude,default,default,8105,622,8727,16
273,2025-08-29 02:39:03.635122+00:00,opinion_letter,主治医意見書,Claude,default,default,61663,759,62422,24
274,2025-08-29 04:27:48.399499+00:00,opinion_letter,主治医意見書,gemini-2.5-pro,default,default,91494,400,91894,39
275,2025-08-29 04:39:37.982371+00:00,opinion_letter,主治医意見書,Claude,default,default,5674,520,6194,16
276,2025-08-29 04:44:42.512716+00:00,opinion_letter,主治医意見書,Claude,default,default,59967,688,60655,22
277,2025-08-29 05:12:00.324014+00:00,opinion_letter,主治医意見書,Claude,default,default,85871,900,86771,29
278,2025-08-29 06:19:13.609310+00:00,referral_letter,最終返書,Claude,眼科,default,8631,668,9299,16
279,2025-08-30 05:17:28.913834+00:00,opinion_letter,主治医意見書,Claude,default,default,64335,699,65034,23
280,2025-08-30 07:20:18.622676+00:00,opinion_letter,主治医意見書,Claude,default,default,23967,718,24685,23
281,2025-08-30 07:50:49.351999+00:00,opinion_letter,主治医意見書,Claude,default,default,55659,709,56368,19
282,2025-09-01 00:17:54.050011+00:00,opinion_letter,主治医意見書,Claude,default,default,69047,801,69848,32
283,2025-09-01 07:13:41.573394+00:00,opinion_letter,主治医意見書,Claude,default,default,31877,777,32654,20
284,2025-09-01 07:20:01.636805+00:00,opinion_letter,主治医意見書,Claude,default,default,21612,775,22387,19
285,2025-09-02 01:12:48.871764+00:00,opinion_letter,主治医意見書,Claude,default,default,33246,767,34013,25
286,2025-09-02 05:41:32.629781+00:00,opinion_letter,主治医意見書,gemini-2.5-pro,default,default,161361,396,161757,49
287,2025-09-02 06:08:03.907058+00:00,opinion_letter,主治医意見書,gemini-2.5-pro,default,default,66347,392,66739,38
288,2025-09-03 02:09:57.977329+00:00,opinion_letter,主治医意見書,Claude,default,default,10662,652,11314,15
289,2025-09-03 02:54:55.187816+00:00,referral_letter,他院への紹介,Claude,眼科,default,10415,711,11126,21
290,2025-09-03 04:58:14.039837+00:00,opinion_letter,主治医意見書,gemini-2.5-pro,default,default,92326,549,92875,41
291,2025-09-03 06:26:57.117607+00:00,opinion_letter,主治医意見書,gemini-2.5-pro,default,default,81170,436,81606,40
292,2025-09-04 00:05:19.280613+00:00,referral_letter,他院への紹介,Claude,眼科,橋本義弘,3929,417,4346,9
293,2025-09-04 00:07:17.061785+00:00,referral_letter,他院への紹介,Claude,眼科,橋本義弘,7682,559,8241,15
294,2025-09-04 06:46:53.151259+00:00,opinion_letter,主治医意見書,Claude,default,default,11545,683,12228,18
295,2025-09-04 06:48:38.532838+00:00,opinion_letter,主治医意見書,Claude,default,default,11805,677,12482,16
296,2025-09-04 06:59:05.569259+00:00,opinion_letter,主治医意見書,Claude,default,default,43979,765,44744,18
297,2025-09-05 03:08:20.025293+00:00,opinion_letter,主治医意見書,Claude,default,default,4786,724,5510,16
298,2025-09-05 05:30:20.960958+00:00,dischargesummary,退院時サマリ,Claude,default,default,5175,767,5942,18
299,2025-09-05 05:37:07.835392+00:00,dischargesummary,退院時サマリ,Claude,default,default,8134,863,8997,19
300,2025-09-05 05:49:37.162559+00:00,dischargesummary,退院時サマリ,Claude,default,default,3012,831,3843,15
301,2025-09-05 06:10:14.221064+00:00,opinion_letter,訪問看護指示書,Claude,default,default,7839,384,8223,11
302,2025-09-05 06:12:49.171301+00:00,opinion_letter,主治医意見書,Claude,default,default,43844,794,44638,24
303,2025-09-05 06:16:53.030505+00:00,opinion_letter,主治医意見書,gemini-2.5-pro,default,default,88518,481,88999,44
304,2025-09-05 06:19:23.029782+00:00,opinion_letter,主治医意見書,gemini-2.5-pro,default,default,88518,499,89017,44
305,2025-09-06 00:17:55.783192+00:00,referral_letter,他院への紹介,Claude,眼科,橋本義弘,26530,698,27228,16
306,2025-09-06 01:06:13.293811+00:00,dischargesummary,退院時サマリ,Claude,default,default,22448,1198,23646,29
307,2025-09-06 05:36:08.095268+00:00,opinion_letter,主治医意見書,Claude,default,default,18647,594,19241,15
308,2025-09-06 06:42:23.537543+00:00,opinion_letter,主治医意見書,Claude,default,default,18647,676,19323,16
309,2025-09-08 00:43:35.011619+00:00,referral_letter,他院への紹介,Claude,眼科,default,18649,697,19346,17
310,2025-09-08 01:03:27.444181+00:00,opinion_letter,主治医意見書,gemini-2.5-pro,default,default,145200,412,145612,50
311,2025-09-08 04:49:13.909120+00:00,referral_letter,他院への紹介,Claude,眼科,default,19455,670,20125,18
312,2025-09-08 23:26:36.642036+00:00,dischargesummary,現病歴,Claude,default,default,1151,263,1414,13
313,2025-09-09 00:23:32.181842+00:00,opinion_letter,主治医意見書,Claude,default,default,47146,683,47829,18
314,2025-09-09 01:58:36.529429+00:00,opinion_letter,主治医意見書,Claude,default,default,84459,839,85298,27
315,2025-09-09 06:22:06.898539+00:00,opinion_letter,主治医意見書,gemini-2.5-pro,default,default,213488,431,213919,59
316,2025-09-10 00:45:58.488445+00:00,opinion_letter,主治医意見書,Claude,default,default,27845,717,28562,19
317,2025-09-10 02:42:08.651531+00:00,referral_letter,他院への紹介,Claude,眼科,default,24850,729,25579,17
318,2025-09-10 04:48:23.932888+00:00,opinion_letter,主治医意見書,gemini-2.5-pro,default,default,180555,411,180966,57
319,2025-09-11 01:51:30.737487+00:00,dischargesummary,退院時サマリ,Claude,default,default,3603,1108,4711,17
320,2025-09-11 02:01:24.087733+00:00,dischargesummary,退院時サマリ,Claude,default,default,4930,809,5739,14
321,2025-09-11 05:35:25.108930+00:00,opinion_letter,主治医意見書,Claude,default,default,9762,742,10504,18
322,2025-09-11 05:35:51.143662+00:00,opinion_letter,主治医意見書,Claude,default,default,9927,710,10637,17
323,2025-09-11 05:44:25.672990+00:00,opinion_letter,主治医意見書,Claude,default,default,9762,596,10358,14
324,2025-09-11 06:02:44.053822+00:00,opinion_letter,主治医意見書,Claude,default,default,10645,692,11337,15
325,2025-09-11 23:52:56.248233+00:00,opinion_letter,主治医意見書,Claude,default,default,1991,606,2597,12
326,2025-09-11 23:54:05.001348+00:00,opinion_letter,主治医意見書,gemini-2.5-pro,default,default,176250,462,176712,49
327,2025-09-12 01:34:29.574061+00:00,opinion_letter,主治医意見書,Claude,default,default,39116,694,39810,24
328,2025-09-12 03:08:48.703532+00:00,opinion_letter,主治医意見書,Claude,default,default,17776,796,18572,20
329,2025-09-12 03:11:52.584398+00:00,referral_letter,他院への紹介,Claude,眼科,default,19269,683,19952,20
330,2025-09-12 08:02:34.428205+00:00,opinion_letter,主治医意見書,Claude,default,default,12646,672,13318,16
331,2025-09-12 08:06:09.761925+00:00,referral_letter,他院への紹介,Claude,眼科,default,5917,679,6596,14
332,2025-09-12 08:10:14.610912+00:00,opinion_letter,主治医意見書,Claude,default,default,5753,741,6494,15
333,2025-09-12 22:51:05.332242+00:00,opinion_letter,主治医意見書,gemini-2.5-pro,default,default,176250,448,176698,45
334,2025-09-13 02:12:15.552918+00:00,opinion_letter,主治医意見書,Claude,default,default,83175,903,84078,23
335,2025-09-13 05:16:49.591578+00:00,opinion_letter,主治医意見書,gemini-2.5-pro,default,default,125131,450,125581,42
336,2025-09-13 08:06:49.329273+00:00,opinion_letter,主治医意見書,Claude,default,default,6300,605,6905,12
337,2025-09-14 23:58:31.039072+00:00,dischargesummary,現病歴,gemini-2.5-pro,default,default,1291,186,1477,17
338,2025-09-15 00:01:49.703535+00:00,opinion_letter,主治医意見書,Claude,default,default,2112,591,2703,11
339,2025-09-15 00:02:22.657310+00:00,referral_letter,他院への紹介,Claude,default,default,1795,363,2158,8
340,2025-09-15 00:09:06.599605+00:00,dischargesummary,退院時サマリ,Claude,default,default,2217,285,2502,8
341,2025-09-15 00:10:15.756031+00:00,dischargesummary,現病歴,Claude,default,default,1774,271,2045,6
342,2025-09-15 09:28:53.769162+00:00,dischargesummary,現病歴,gemini-2.5-flash-lite,default,default,38751,270,39021,18
343,2025-09-15 10:18:11.612241+00:00,default,主治医意見書,gemini-2.5-flash-lite,default,default,2537,899,3436,23
344,2025-09-16 05:50:21.386226+00:00,default,他院への紹介,Claude,default,default,17187,1422,18609,30
345,2025-09-17 00:17:52.372560+00:00,dischargesummary,退院時サマリ,Claude,default,default,1966,781,2747,10
346,2025-09-17 00:20:46.043363+00:00,referral_letter,他院への紹介,Claude,default,default,2481,863,3344,12
347,2025-09-17 02:45:03.514871+00:00,opinion_letter,主治医意見書,Claude,default,default,561,660,1221,11
348,2025-09-17 02:49:48.949385+00:00,opinion_letter,主治医意見書,Claude,default,default,2355,568,2923,9
349,2025-09-17 03:25:44.093059+00:00,opinion_letter,主治医意見書,Claude,default,default,8607,637,9244,14
350,2025-09-17 05:37:43.018687+00:00,opinion_letter,主治医意見書,Claude,default,default,4284,667,4951,14
351,2025-09-17 06:55:21.389015+00:00,opinion_letter,主治医意見書,Claude,default,default,14808,770,15578,19
352,2025-09-17 10:50:49.537298+00:00,default,主治医意見書,Claude,default,default,2565,703,3268,12
353,2025-09-17 10:52:06.454803+00:00,default,主治医意見書,gemini-2.5-pro,default,default,1687,467,2154,33
354,2025-09-17 11:04:20.393281+00:00,opinion_letter,主治医意見書,Claude,default,default,2565,700,3265,8
355,2025-09-17 11:05:28.049966+00:00,opinion_letter,主治医意見書,gemini-2.5-pro,default,default,1687,539,2226,34
356,2025-09-18 01:47:38.162127+00:00,default,他院への紹介,gemini-2.5-flash-lite,default,default,1511,830,2341,18
357,2025-09-18 02:30:52.892559+00:00,dischargesummary,退院時サマリ,gemini-2.5-pro,default,default,3432,1052,4484,36
358,2025-09-18 02:32:25.993878+00:00,referral_letter,他院への紹介,gemini-2.5-pro,default,default,3772,817,4589,42
359,2025-09-18 02:33:49.053899+00:00,opinion_letter,主治医意見書,gemini-2.5-pro,default,default,3948,444,4392,27
360,2025-09-18 06:44:54.901029+00:00,opinion_letter,主治医意見書,Claude,default,default,16639,690,17329,16
361,2025-09-18 06:48:04.962932+00:00,opinion_letter,主治医意見書,Claude,default,default,8867,553,9420,13
362,2025-09-18 08:02:43.029741+00:00,opinion_letter,主治医意見書,Claude,default,default,57821,828,58649,20
363,2025-09-19 00:24:26.167022+00:00,opinion_letter,主治医意見書,Claude,default,default,15715,668,16383,16
364,2025-09-19 00:50:18.406389+00:00,opinion_letter,主治医意見書,gemini-2.5-pro,default,default,37684,415,38099,31
365,2025-09-19 02:48:43.917340+00:00,opinion_letter,主治医意見書,Claude,default,default,7139,567,7706,13
366,2025-09-19 05:44:34.805204+00:00,opinion_letter,主治医意見書,Claude,default,default,43762,781,44543,20
367,2025-09-20 00:25:53.750111+00:00,referral_letter,最終返書,Claude,眼科,default,49226,767,49993,16
368,2025-09-20 01:45:08.662354+00:00,referral_letter,最終返書,Claude,眼科,default,28173,608,28781,15
369,2025-09-20 02:22:23.970847+00:00,opinion_letter,主治医意見書,Claude,default,default,61828,780,62608,22
370,2025-09-20 02:28:03.251839+00:00,referral_letter,他院への紹介,Claude,眼科,default,27074,667,27741,17
371,2025-09-20 02:33:12.907341+00:00,referral_letter,最終返書,Claude,眼科,default,27116,776,27892,18
372,2025-09-20 03:52:56.329185+00:00,opinion_letter,主治医意見書,Claude,default,default,2509,584,3093,11
373,2025-09-20 05:58:54.687255+00:00,opinion_letter,主治医意見書,Claude,default,default,44487,750,45237,20
374,2025-09-20 06:00:49.646358+00:00,opinion_letter,訪問看護指示書,Claude,default,default,44052,357,44409,11
375,2025-09-20 06:13:36.457819+00:00,opinion_letter,主治医意見書,Claude,default,default,43811,835,44646,22
376,2025-09-20 07:00:38.534890+00:00,opinion_letter,主治医意見書,Claude,default,default,9288,650,9938,16
377,2025-09-21 23:38:35.952034+00:00,opinion_letter,主治医意見書,Claude,default,default,22146,612,22758,15
378,2025-09-22 02:20:56.330930+00:00,opinion_letter,主治医意見書,Claude,default,default,46933,713,47646,18
379,2025-09-22 04:45:24.458293+00:00,opinion_letter,訪問看護指示書,Claude,default,default,37395,398,37793,11
380,2025-09-24 02:55:30.849130+00:00,dischargesummary,退院時サマリ,Claude,default,default,22929,963,23892,27
381,2025-09-24 03:17:08.556110+00:00,opinion_letter,主治医意見書,gemini-2.5-pro,default,default,119345,437,119782,41
382,2025-09-24 03:23:10.303841+00:00,opinion_letter,主治医意見書,gemini-2.5-pro,default,default,63328,522,63850,54
383,2025-09-24 03:28:42.480020+00:00,opinion_letter,主治医意見書,Claude,default,default,21033,617,21650,17
384,2025-09-24 06:00:10.023034+00:00,opinion_letter,主治医意見書,Claude,default,default,20164,755,20919,17
385,2025-09-24 06:01:58.739337+00:00,opinion_letter,主治医意見書,Claude,default,default,32739,671,33410,23
386,2025-09-26 07:06:02.392400+00:00,opinion_letter,訪問看護指示書,Claude,default,default,79437,373,79810,12
387,2025-09-26 08:00:13.951493+00:00,opinion_letter,主治医意見書,Claude,default,default,38922,826,39748,20
388,2025-09-27 01:24:14.273499+00:00,referral_letter,最終返書,Claude,眼科,default,15382,788,16170,21
389,2025-09-27 02:28:02.836476+00:00,opinion_letter,訪問看護指示書,gemini-2.5-pro,default,default,145209,233,145442,31
390,2025-09-27 02:29:48.534868+00:00,opinion_letter,主治医意見書,gemini-2.5-pro,default,default,145503,467,145970,44
391,2025-09-27 02:54:54.865095+00:00,referral_letter,最終返書,Claude,眼科,default,16258,702,16960,15
392,2025-09-27 03:25:05.846005+00:00,opinion_letter,主治医意見書,Claude,default,default,12983,699,13682,18
393,2025-09-27 06:04:57.593769+00:00,opinion_letter,主治医意見書,Claude,default,default,50213,817,51030,22
394,2025-09-29 06:18:10.400164+00:00,opinion_letter,主治医意見書,Claude,default,default,62272,787,63059,21
395,2025-09-30 06:34:43.310750+00:00,opinion_letter,主治医意見書,Claude,default,default,83480,834,84314,20
396,2025-09-30 06:54:44.641988+00:00,opinion_letter,主治医意見書,Claude,default,default,35439,738,36177,18
397,2025-09-30 23:53:35.833050+00:00,default,他院への紹介,Claude,default,default,2460,903,3363,11
398,2025-10-01 00:50:51.259010+00:00,opinion_letter,主治医意見書,Claude,default,default,53082,976,54058,23
399,2025-10-01 06:11:29.486631+00:00,opinion_letter,主治医意見書,Claude,default,default,75638,795,76433,20
400,2025-10-01 23:13:11.040845+00:00,dischargesummary,退院時サマリ,Claude,default,default,6652,1254,7906,23
401,2025-10-01 23:19:13.011850+00:00,dischargesummary,退院時サマリ,Claude,default,default,6652,1433,8085,25
402,2025-10-03 02:13:50.260777+00:00,dischargesummary,退院時サマリ,Claude,default,default,10980,1473,12453,27
403,2025-10-03 06:12:20.102990+00:00,opinion_letter,訪問看護指示書,Claude,default,default,61714,413,62127,12
404,2025-10-03 08:06:44.553695+00:00,opinion_letter,訪問看護指示書,Claude,default,default,64431,461,64892,13
405,2025-10-04 00:29:34.929709+00:00,opinion_letter,訪問看護指示書,Claude,default,default,37700,409,38109,11
406,2025-10-04 01:46:16.585868+00:00,opinion_letter,主治医意見書,Claude,default,default,38135,778,38913,17
407,2025-10-04 05:10:40.100011+00:00,opinion_letter,主治医意見書,gemini-2.5-pro,default,default,109601,590,110191,53
408,2025-10-04 05:23:18.664110+00:00,referral_letter,他院への紹介,Claude,眼科,default,13526,1123,14649,22
409,2025-10-04 05:30:55.542787+00:00,opinion_letter,主治医意見書,Claude,default,default,18428,781,19209,17
410,2025-10-04 05:47:00.942288+00:00,opinion_letter,主治医意見書,Claude,default,default,8121,1196,9317,22
411,2025-10-04 05:48:09.418517+00:00,opinion_letter,主治医意見書,Claude,default,default,8121,1301,9422,25
412,2025-10-04 06:08:16.768295+00:00,opinion_letter,主治医意見書,Claude,default,default,23172,888,24060,18
413,2025-10-04 07:07:28.896820+00:00,opinion_letter,主治医意見書,Claude,default,default,69043,1027,70070,22
414,2025-10-06 01:12:13.311526+00:00,opinion_letter,主治医意見書,Claude,default,default,56796,1100,57896,25
415,2025-10-07 02:46:50.135368+00:00,referral_letter,最終返書,Claude,眼科,default,9923,749,10672,18
416,2025-10-07 02:58:53.325672+00:00,referral_letter,最終返書,Claude,眼科,default,13693,1107,14800,24
417,2025-10-07 03:16:52.999626+00:00,referral_letter,最終返書,Claude,眼科,default,11985,659,12644,16
418,2025-10-07 04:27:12.013859+00:00,dischargesummary,退院時サマリ,Claude,default,default,10286,1719,12005,34
419,2025-10-07 04:30:39.828814+00:00,opinion_letter,主治医意見書,Claude,default,default,13203,821,14024,18
420,2025-10-07 04:54:26.886162+00:00,dischargesummary,退院時サマリ,Claude,default,default,21136,2297,23433,48
421,2025-10-07 04:58:12.591093+00:00,dischargesummary,退院時サマリ,Claude,default,default,3631,1302,4933,20
422,2025-10-08 02:06:27.114205+00:00,opinion_letter,訪問看護指示書,Claude,default,default,8518,374,8892,11
423,2025-10-08 05:24:01.194678+00:00,opinion_letter,主治医意見書,gemini-2.5-pro,default,default,148438,461,148899,48
424,2025-10-09 01:07:47.785395+00:00,referral_letter,他院への紹介,Claude,眼科,橋本義弘,2716,352,3068,8
425,2025-10-09 07:40:12.680137+00:00,opinion_letter,主治医意見書,Claude,default,default,15893,887,16780,51
426,2025-10-09 08:00:53.705612+00:00,opinion_letter,主治医意見書,Claude,default,default,8232,756,8988,19
427,2025-10-10 01:10:34.180867+00:00,opinion_letter,主治医意見書,Claude,default,default,12557,849,13406,20
428,2025-10-10 02:12:47.793920+00:00,opinion_letter,主治医意見書,Claude,default,default,84819,1086,85905,26
429,2025-10-10 02:23:57.747373+00:00,opinion_letter,主治医意見書,Claude,default,default,34693,995,35688,23
430,2025-10-10 02:46:03.700436+00:00,opinion_letter,主治医意見書,Claude,default,default,72894,845,73739,19
431,2025-10-10 05:00:48.036253+00:00,opinion_letter,主治医意見書,Claude,default,default,46212,810,47022,19
432,2025-10-10 05:21:46.098608+00:00,opinion_letter,主治医意見書,gemini-2.5-pro,default,default,90755,394,91149,44
433,2025-10-10 05:45:32.740312+00:00,opinion_letter,主治医意見書,gemini-2.5-pro,default,default,90755,408,91163,40
434,2025-10-10 05:54:56.188057+00:00,opinion_letter,主治医意見書,Claude,default,default,4350,532,4882,11
435,2025-10-10 07:28:13.979800+00:00,opinion_letter,主治医意見書,Claude,default,default,27905,1226,29131,26
436,2025-10-11 00:52:17.375986+00:00,referral_letter,最終返書,Claude,眼科,橋本義弘,25385,745,26130,16
437,2025-10-11 06:23:10.766684+00:00,opinion_letter,主治医意見書,Claude,default,default,2166,883,3049,16
438,2025-10-11 06:25:58.595883+00:00,opinion_letter,主治医意見書,Claude,default,default,5316,729,6045,15
439,2025-10-14 02:06:27.791286+00:00,opinion_letter,主治医意見書,Claude,default,default,5918,1397,7315,27
440,2025-10-14 02:08:30.801052+00:00,opinion_letter,主治医意見書,gemini-2.5-pro,default,default,4573,544,5117,42
441,2025-10-14 02:09:50.976352+00:00,opinion_letter,主治医意見書,Claude,default,default,5918,1848,7766,33
442,2025-10-14 02:10:20.248505+00:00,opinion_letter,主治医意見書,Claude,default,default,5918,643,6561,16
443,2025-10-14 02:26:51.398920+00:00,referral_letter,紹介元への逆紹介,Claude,眼科,橋本義弘,4668,624,5292,12
444,2025-10-14 06:22:46.826647+00:00,opinion_letter,訪問看護指示書,gemini-2.5-pro,default,default,66885,219,67104,32
445,2025-10-14 06:24:25.120551+00:00,referral_letter,他院への紹介,Claude,眼科,橋本義弘,13300,848,14148,19
446,2025-10-14 07:01:29.124300+00:00,opinion_letter,訪問看護指示書,gemini-2.5-pro,default,default,107257,255,107512,40
447,2025-10-14 07:05:45.642357+00:00,opinion_letter,訪問看護指示書,gemini-2.5-pro,default,default,302633,251,302884,32
448,2025-10-14 07:24:54.615455+00:00,opinion_letter,訪問看護指示書,Claude,default,default,44610,483,45093,14
449,2025-10-14 07:32:35.251191+00:00,opinion_letter,主治医意見書,Claude,default,default,7991,1080,9071,20
450,2025-10-15 05:48:39.493055+00:00,opinion_letter,訪問看護指示書,Claude,default,default,32358,575,32933,17
451,2025-10-16 06:55:57.692925+00:00,opinion_letter,主治医意見書,Claude,default,default,12468,823,13291,19
452,2025-10-17 04:09:05.514158+00:00,referral_letter,最終返書,Claude,default,default,21917,1492,23409,33
453,2025-10-17 05:19:41.562902+00:00,opinion_letter,主治医意見書,gemini-2.5-pro,default,default,65411,433,65844,47
454,2025-10-17 06:05:32.506568+00:00,opinion_letter,主治医意見書,Claude,default,default,13299,737,14036,19
455,2025-10-18 04:07:39.052271+00:00,referral_letter,他院への紹介,Claude,default,default,10074,1294,11368,27
456,2025-10-18 05:51:54.598216+00:00,opinion_letter,主治医意見書,Claude,default,default,24883,903,25786,20
457,2025-10-18 06:36:41.076331+00:00,opinion_letter,主治医意見書,Claude,default,default,69626,1385,71011,30
458,2025-10-18 07:25:15.918601+00:00,opinion_letter,主治医意見書,Claude,default,default,37048,689,37737,17
459,2025-10-18 07:28:58.676583+00:00,opinion_letter,主治医意見書,Claude,default,default,37032,882,37914,21
460,2025-10-18 07:34:02.843652+00:00,opinion_letter,主治医意見書,Claude,default,default,7454,748,8202,16
461,2025-10-18 07:54:20.629024+00:00,opinion_letter,主治医意見書,Claude,default,default,27771,1167,28938,25
462,2025-10-20 02:08:13.031618+00:00,opinion_letter,主治医意見書,Claude,default,default,20232,1119,21351,25
463,2025-10-20 02:23:53.237821+00:00,referral_letter,他院への紹介,Claude,眼科,橋本義弘,24297,817,25114,20
464,2025-10-21 00:35:16.957706+00:00,opinion_letter,主治医意見書,Claude,default,default,56261,670,56931,20
465,2025-10-21 02:16:04.131847+00:00,opinion_letter,訪問看護指示書,Claude,default,default,36557,415,36972,13
466,2025-10-22 02:49:11.973345+00:00,opinion_letter,主治医意見書,Claude,default,default,21117,1235,22352,29
467,2025-10-22 05:34:19.688442+00:00,dischargesummary,退院時サマリ,Claude,default,default,17449,1888,19337,38
468,2025-10-23 00:42:01.752031+00:00,referral_letter,他院への紹介,Claude,眼科,橋本義弘,29514,595,30109,15
469,2025-10-23 23:48:21.471870+00:00,referral_letter,他院への紹介,Claude,眼科,橋本義弘,4809,464,5273,11
470,2025-10-24 03:08:34.523072+00:00,opinion_letter,主治医意見書,Claude,default,default,19566,1043,20609,25
471,2025-10-24 05:03:56.205102+00:00,opinion_letter,主治医意見書,gemini-2.5-pro,default,default,91058,525,91583,64
472,2025-10-24 05:27:46.288480+00:00,opinion_letter,主治医意見書,gemini-2.5-pro,default,default,99691,478,100169,47
496,2025-10-27 00:04:04.052201+00:00,opinion_letter,主治医意見書,Claude,default,default,10084,804,10888,19
497,2025-10-27 01:52:12.704776+00:00,opinion_letter,主治医意見書,Claude,default,default,12263,849,13112,18
498,2025-10-27 04:46:41.517395+00:00,opinion_letter,主治医意見書,Claude,default,default,13954,1345,15299,28
499,2025-10-28 05:22:50.183347+00:00,opinion_letter,主治医意見書,Claude,default,default,14346,1228,15574,28
500,2025-10-29 00:50:13.441057+00:00,opinion_letter,訪問看護指示書,Claude,default,default,41181,446,41627,13
501,2025-10-29 01:13:47.729714+00:00,opinion_letter,主治医意見書,gemini-2.5-pro,default,default,81730,487,82217,43
502,2025-10-29 04:54:39.689715+00:00,opinion_letter,主治医意見書,Claude,default,default,53687,865,54552,21
529,2025-10-30 23:32:09.332534+00:00,referral_letter,他院への紹介,Claude,眼科,橋本義弘,35253,764,36017,19
530,2025-10-31 01:30:29.152960+00:00,opinion_letter,主治医意見書,Claude,default,default,20656,790,21446,21
531,2025-10-31 05:46:12.164326+00:00,referral_letter,他院への紹介,Claude,眼科,橋本義弘,2775,483,3258,10
532,2025-10-31 05:59:30.826111+00:00,opinion_letter,主治医意見書,gemini-2.5-pro,default,default,91416,585,92001,51
533,2025-11-01 00:31:54.941342+00:00,opinion_letter,主治医意見書,gemini-2.5-pro,default,default,180044,458,180502,52
534,2025-11-01 03:35:46.751061+00:00,opinion_letter,主治医意見書,Claude,default,default,70808,740,71548,19
535,2025-11-01 06:42:35.469107+00:00,opinion_letter,主治医意見書,Claude,default,default,21672,878,22550,21
536,2025-11-01 07:31:52.324887+00:00,opinion_letter,主治医意見書,Claude,default,default,73573,947,74520,22
537,2025-11-01 07:36:29.423006+00:00,opinion_letter,主治医意見書,Claude,default,default,73573,848,74421,20
538,2025-11-04 02:49:37.913418+00:00,opinion_letter,主治医意見書,Claude,default,default,14744,777,15521,20
539,2025-11-04 05:29:03.951676+00:00,opinion_letter,主治医意見書,Claude,default,default,25481,847,26328,21
540,2025-11-04 05:30:36.696121+00:00,opinion_letter,主治医意見書,Claude,default,default,25487,739,26226,20
541,2025-11-04 06:02:27.305673+00:00,opinion_letter,主治医意見書,Claude,default,default,8008,1943,9951,38
542,2025-11-04 06:59:34.806170+00:00,opinion_letter,主治医意見書,gemini-2.5-pro,default,default,317389,420,317809,49
543,2025-11-04 07:01:24.338639+00:00,referral_letter,他院への紹介,Claude,眼科,橋本義弘,2550,520,3070,13
544,2025-11-04 07:01:39.226350+00:00,referral_letter,他院への紹介,Claude,default,default,2258,850,3108,11
545,2025-11-05 00:14:34.713128+00:00,opinion_letter,主治医意見書,gemini-2.5-pro,default,default,278702,568,279270,47
546,2025-11-05 00:21:01.041307+00:00,opinion_letter,主治医意見書,gemini-2.5-pro,default,default,278702,506,279208,42
547,2025-11-05 00:56:20.913249+00:00,opinion_letter,主治医意見書,Claude,default,default,78391,1050,79441,25
548,2025-11-05 04:24:27.618817+00:00,opinion_letter,主治医意見書,Claude,default,default,19906,993,20899,24
549,2025-11-05 05:22:21.741767+00:00,opinion_letter,主治医意見書,Claude,default,default,22219,761,22980,21
550,2025-11-05 05:42:36.979679+00:00,opinion_letter,主治医意見書,Claude,default,default,22224,656,22880,17
551,2025-11-05 06:28:08.107813+00:00,opinion_letter,主治医意見書,Claude,default,default,45889,708,46597,19
552,2025-11-05 06:42:40.682957+00:00,opinion_letter,主治医意見書,gemini-2.5-pro,default,default,30871,372,31243,40
553,2025-11-05 08:33:52.316635+00:00,referral_letter,他院への紹介,Claude,default,default,80498,1329,81827,23
554,2025-11-07 00:17:16.518265+00:00,opinion_letter,訪問看護指示書,Claude,default,default,9936,447,10383,11
555,2025-11-07 02:26:05.416392+00:00,opinion_letter,主治医意見書,Claude,default,default,9745,713,10458,15
556,2025-11-07 03:14:45.954935+00:00,opinion_letter,主治医意見書,gemini-2.5-pro,default,default,74722,510,75232,64
557,2025-11-07 07:08:03.335340+00:00,opinion_letter,主治医意見書,Claude,default,default,7683,826,8509,20
558,2025-11-08 00:14:04.088956+00:00,opinion_letter,主治医意見書,Claude,default,default,3456,620,4076,12
559,2025-11-08 00:56:27.157603+00:00,opinion_letter,主治医意見書,Claude,default,default,35804,841,36645,17
560,2025-11-08 06:13:23.153433+00:00,opinion_letter,主治医意見書,Claude,default,default,32252,795,33047,15
561,2025-11-08 06:20:59.826417+00:00,opinion_letter,主治医意見書,gemini-2.5-pro,default,default,117589,479,118068,63
562,2025-11-08 06:54:59.850229+00:00,opinion_letter,主治医意見書,Claude,default,default,6694,756,7450,16
563,2025-11-08 08:03:49.287142+00:00,opinion_letter,主治医意見書,Claude,default,default,27534,780,28314,18
564,2025-11-08 08:05:27.692295+00:00,opinion_letter,主治医意見書,Claude,default,default,14348,892,15240,17
565,2025-11-08 08:07:21.622867+00:00,opinion_letter,主治医意見書,Claude,default,default,18834,765,19599,16
566,2025-11-10 01:43:11.752614+00:00,opinion_letter,主治医意見書,Claude,default,default,57734,710,58444,18
567,2025-11-10 01:55:30.285492+00:00,opinion_letter,主治医意見書,Claude,default,default,76953,995,77948,22
568,2025-11-10 05:05:49.541566+00:00,opinion_letter,主治医意見書,gemini-2.5-pro,default,default,191353,498,191851,113
569,2025-11-10 05:18:33.865845+00:00,opinion_letter,主治医意見書,gemini-2.5-pro,default,default,191353,536,191889,80
570,2025-11-11 06:07:44.674552+00:00,opinion_letter,主治医意見書,gemini-2.5-pro,default,default,73175,515,73690,55
571,2025-11-11 07:14:12.488601+00:00,opinion_letter,訪問看護指示書,gemini-2.5-pro,default,default,172294,231,172525,38
572,2025-11-11 08:10:38.485054+00:00,opinion_letter,主治医意見書,Claude,default,default,7150,1423,8573,26
573,2025-11-11 23:34:21.324354+00:00,opinion_letter,主治医意見書,Claude,default,default,74747,903,75650,21
574,2025-11-11 23:39:03.836678+00:00,opinion_letter,訪問看護指示書,Claude,default,default,2381,426,2807,7
575,2025-11-12 02:44:28.553250+00:00,opinion_letter,主治医意見書,Claude,default,default,8545,1470,10015,28
576,2025-11-12 07:14:37.682366+00:00,opinion_letter,主治医意見書,Claude,default,default,17048,1094,18142,23
577,2025-11-13 07:53:00.808516+00:00,opinion_letter,主治医意見書,Claude,default,default,28611,1293,29904,27
578,2025-11-13 23:48:43.495160+00:00,referral_letter,他院への紹介,Claude,default,default,4362,678,5040,12
579,2025-11-14 05:07:58.773906+00:00,opinion_letter,主治医意見書,gemini-2.5-pro,default,default,140669,533,141202,63
580,2025-11-14 07:29:16.936788+00:00,opinion_letter,主治医意見書,Claude,default,default,8420,746,9166,16
581,2025-11-15 06:47:48.759860+00:00,opinion_letter,主治医意見書,Claude,default,default,12315,822,13137,17
582,2025-11-15 06:59:54.016481+00:00,opinion_letter,主治医意見書,gemini-2.5-pro,default,default,78098,423,78521,55
583,2025-11-15 07:09:20.987308+00:00,opinion_letter,主治医意見書,Claude,default,default,12315,791,13106,17
584,2025-11-17 04:16:19.801162+00:00,referral_letter,他院への紹介,Claude,default,default,7574,920,8494,16
585,2025-11-17 06:39:44.019668+00:00,opinion_letter,主治医意見書,Claude,default,default,14150,770,14920,17
586,2025-11-18 02:17:03.106415+00:00,referral_letter,他院への紹介,Claude,眼科,橋本義弘,2538,537,3075,10
587,2025-11-18 03:45:33.758755+00:00,opinion_letter,主治医意見書,Claude,default,default,14289,1395,15684,26
588,2025-11-18 05:45:20.729809+00:00,referral_letter,他院への紹介,Claude,眼科,橋本義弘,10562,619,11181,15
589,2025-11-18 07:10:14.835906+00:00,opinion_letter,主治医意見書,Claude,default,default,69073,1430,70503,29
590,2025-11-19 01:49:15.345702+00:00,opinion_letter,訪問看護指示書,Claude,default,default,28415,448,28863,10
591,2025-11-19 01:49:36.537779+00:00,opinion_letter,訪問看護指示書,Claude,default,default,28423,487,28910,11
592,2025-11-19 02:10:02.323691+00:00,opinion_letter,訪問看護指示書,Claude,default,default,4584,365,4949,9
593,2025-11-19 03:02:04.129907+00:00,opinion_letter,主治医意見書,Claude,default,default,43499,1132,44631,24
594,2025-11-19 07:09:40.968556+00:00,opinion_letter,主治医意見書,Claude,default,default,12086,956,13042,22
595,2025-11-21 02:38:29.867907+00:00,opinion_letter,主治医意見書,gemini-2.5-pro,default,default,206529,481,207010,46
596,2025-11-21 04:55:17.148817+00:00,opinion_letter,主治医意見書,Claude,default,default,28775,869,29644,18
597,2025-11-21 06:28:11.914893+00:00,opinion_letter,訪問看護指示書,gemini-2.5-pro,default,default,72479,237,72716,47
598,2025-11-21 06:34:34.303495+00:00,opinion_letter,主治医意見書,Claude,default,default,77199,639,77838,16
599,2025-11-22 02:55:23.016716+00:00,opinion_letter,主治医意見書,Claude,default,default,23901,948,24849,20
600,2025-11-22 06:24:59.280428+00:00,opinion_letter,主治医意見書,Claude,default,default,20361,1185,21546,22
601,2025-11-22 07:01:23.818190+00:00,opinion_letter,主治医意見書,Claude,default,default,41904,1049,42953,23
602,2025-11-25 07:47:36.968157+00:00,opinion_letter,訪問看護指示書,Claude,default,default,35223,413,35636,11
603,2025-11-25 08:03:21.498896+00:00,opinion_letter,訪問看護指示書,Claude,default,default,35223,484,35707,14
604,2025-11-26 01:57:07.497130+00:00,opinion_letter,主治医意見書,gemini-2.5-pro,default,default,108777,486,109263,53
605,2025-11-26 04:01:33.964960+00:00,opinion_letter,主治医意見書,Claude,default,default,37262,1094,38356,25
606,2025-11-26 04:34:09.631039+00:00,opinion_letter,主治医意見書,Claude,default,default,36581,912,37493,21
607,2025-11-26 07:13:17.424228+00:00,referral_letter,他院への紹介,Claude,眼科,橋本義弘,14180,794,14974,19
608,2025-11-27 06:00:03.173826+00:00,opinion_letter,主治医意見書,gemini-2.5-pro,default,default,41922,478,42400,36
609,2025-11-27 07:56:22.028532+00:00,opinion_letter,主治医意見書,Claude,default,default,7170,668,7838,16
610,2025-11-28 00:52:51.179379+00:00,opinion_letter,主治医意見書,Claude,default,default,27712,1095,28807,23
611,2025-11-28 02:24:35.387709+00:00,opinion_letter,主治医意見書,Claude,default,default,38498,1000,39498,23
612,2025-11-28 05:06:18.760587+00:00,opinion_letter,主治医意見書,Claude,default,default,2302,561,2863,12
613,2025-11-28 05:38:17.742972+00:00,opinion_letter,訪問看護指示書,Claude,default,default,69973,468,70441,13
614,2025-11-28 05:59:21.480984+00:00,opinion_letter,訪問看護指示書,Claude,default,default,69746,455,70201,13
615,2025-11-28 06:18:34.802154+00:00,opinion_letter,主治医意見書,gemini-2.5-pro,default,default,91660,477,92137,42
616,2025-11-29 00:53:57.041279+00:00,referral_letter,他院への紹介,gemini-2.5-pro,default,default,121051,1093,122144,71
617,2025-11-29 01:01:34.802365+00:00,referral_letter,他院への紹介,Claude,眼科,橋本義弘,5102,712,5814,15
618,2025-12-01 00:02:39.856347+00:00,opinion_letter,主治医意見書,Claude,default,default,24191,851,25042,18
619,2025-12-01 05:32:40.960102+00:00,referral_letter,他院への紹介,Claude,眼科,橋本義弘,47545,545,48090,15
620,2025-12-01 05:46:27.517580+00:00,opinion_letter,主治医意見書,Claude,default,default,12686,1315,14001,26
621,2025-12-02 03:26:27.522325+00:00,opinion_letter,主治医意見書,gemini-2.5-pro,default,default,4914,416,5330,43
622,2025-12-03 00:37:22.277770+00:00,referral_letter,他院への紹介,Claude,眼科,橋本義弘,17551,813,18364,17
623,2025-12-03 01:54:37.964491+00:00,opinion_letter,主治医意見書,Claude,default,default,39276,859,40135,20
624,2025-12-03 03:05:56.166541+00:00,opinion_letter,主治医意見書,gemini-2.5-pro,default,default,63835,481,64316,61
625,2025-12-03 06:09:07.602129+00:00,opinion_letter,主治医意見書,gemini-2.5-pro,default,default,10983,501,11484,44
626,2025-12-03 06:46:39.800930+00:00,opinion_letter,主治医意見書,Claude,default,default,30711,1730,32441,32
627,2025-12-03 06:47:44.351142+00:00,opinion_letter,主治医意見書,Claude,default,default,30711,1015,31726,24
628,2025-12-03 07:07:11.514136+00:00,dischargesummary,退院時サマリ,gemini-3-pro-preview,default,default,39036,1061,40097,67
629,2025-12-03 07:58:36.539851+00:00,dischargesummary,退院時サマリ,Claude,default,default,8058,1713,9771,28
630,2025-12-04 08:14:44.790790+00:00,default,主治医意見書,gemini-3-pro-preview,default,default,2421,545,2966,33
631,2025-12-04 08:32:32.292495+00:00,default,他院への紹介,gemini-3-pro-preview,default,医師共通,1325,1004,2329,48
632,2025-12-05 00:02:47.303331+00:00,referral_letter,他院への紹介,Claude,眼科,橋本義弘,2696,462,3158,9
633,2025-12-05 00:02:58.481721+00:00,referral_letter,返書,Claude,眼科,橋本義弘,2909,466,3375,8
634,2025-12-05 02:51:05.231707+00:00,opinion_letter,主治医意見書,gemini-3-pro-preview,default,default,14957,485,15442,34
635,2025-12-05 05:35:57.504026+00:00,referral_letter,他院への紹介,Claude,眼科,橋本義弘,48999,564,49563,13
636,2025-12-05 06:56:11.405929+00:00,opinion_letter,主治医意見書,gemini-3-pro-preview,default,default,77627,440,78067,34
637,2025-12-06 00:19:15.675146+00:00,referral_letter,返書,Claude,眼科,default,2464,461,2925,8
638,2025-12-06 06:30:34.839915+00:00,opinion_letter,主治医意見書,gemini-3-pro-preview,default,default,71247,417,71664,27
639,2025-12-08 05:50:48.472498+00:00,opinion_letter,主治医意見書,Claude,default,default,8757,1102,9859,23
640,2025-12-09 00:16:11.364371+00:00,opinion_letter,主治医意見書,Claude,default,default,8736,1384,10120,26
641,2025-12-09 05:37:45.002598+00:00,opinion_letter,訪問看護指示書,gemini-3-pro-preview,default,default,20261,263,20524,23
642,2025-12-09 07:51:41.638515+00:00,opinion_letter,主治医意見書,Claude,default,default,61754,754,62508,17
643,2025-12-10 00:48:29.051800+00:00,opinion_letter,主治医意見書,Claude,default,default,45888,824,46712,18
644,2025-12-10 04:42:26.936145+00:00,opinion_letter,主治医意見書,Claude,default,default,21655,873,22528,19
645,2025-12-10 05:50:09.910947+00:00,opinion_letter,主治医意見書,Claude,default,default,32665,1152,33817,25
646,2025-12-10 07:20:03.418615+00:00,opinion_letter,主治医意見書,Claude,default,default,21459,1007,22466,20
647,2025-12-10 07:26:19.811778+00:00,opinion_letter,主治医意見書,Claude,default,default,21111,1449,22560,29
648,2025-12-12 00:05:24.846955+00:00,opinion_letter,主治医意見書,Claude,default,default,29309,849,30158,20
649,2025-12-12 00:12:11.885016+00:00,opinion_letter,主治医意見書,Claude,default,default,40568,679,41247,16
650,2025-12-12 00:47:10.452907+00:00,opinion_letter,主治医意見書,Claude,default,default,59311,729,60040,16
651,2025-12-12 00:49:46.489537+00:00,referral_letter,他院への紹介,Claude,眼科,default,59413,1854,61267,36
652,2025-12-12 03:26:02.982756+00:00,referral_letter,他院への紹介,Claude,眼科,default,2951,662,3613,12
653,2025-12-12 05:38:46.702733+00:00,referral_letter,他院への紹介,Claude,眼科,default,5861,546,6407,10
654,2025-12-12 05:52:57.144321+00:00,opinion_letter,主治医意見書,gemini-3-pro-preview,default,default,102617,507,103124,34
655,2025-12-12 05:56:52.049437+00:00,opinion_letter,主治医意見書,Claude,default,default,24363,1385,25748,27
656,2025-12-13 01:04:20.187353+00:00,referral_letter,他院への紹介,Claude,眼科,橋本義弘,21559,928,22487,19
657,2025-12-13 01:41:09.482693+00:00,referral_letter,紹介元への逆紹介,Claude,眼科,橋本義弘,4865,648,5513,9
658,2025-12-13 02:57:50.318733+00:00,opinion_letter,主治医意見書,Claude,default,default,79306,965,80271,21
659,2025-12-13 06:16:20.711865+00:00,opinion_letter,訪問看護指示書,gemini-3-pro-preview,default,default,8571,220,8791,22
660,2025-12-15 00:49:18.701759+00:00,referral_letter,他院への紹介,Claude,眼科,橋本義弘,10597,394,10991,9
661,2025-12-15 03:39:28.889549+00:00,opinion_letter,主治医意見書,gemini-3-pro-preview,default,default,73006,430,73436,36
662,2025-12-15 06:17:11.239758+00:00,opinion_letter,主治医意見書,Claude,default,default,6803,711,7514,16
663,2025-12-15 06:21:54.063729+00:00,opinion_letter,主治医意見書,Claude,default,default,6955,769,7724,15
664,2025-12-15 07:18:51.292271+00:00,referral_letter,他院への紹介,Claude,眼科,橋本義弘,21359,655,22014,15
665,2025-12-17 00:36:37.714302+00:00,referral_letter,他院への紹介,Claude,眼科,橋本義弘,13515,691,14206,14
666,2025-12-17 01:36:48.338288+00:00,opinion_letter,主治医意見書,Claude,default,default,43217,882,44099,19
667,2025-12-17 02:04:01.832974+00:00,opinion_letter,訪問看護指示書,gemini-3-pro-preview,default,default,140007,232,140239,22
668,2025-12-17 07:14:54.410058+00:00,opinion_letter,主治医意見書,Claude,default,default,19659,1180,20839,24
669,2025-12-19 02:09:13.727408+00:00,opinion_letter,主治医意見書,Claude,default,default,61882,907,62789,22
670,2025-12-19 03:26:26.553385+00:00,opinion_letter,主治医意見書,Claude,default,default,10010,701,10711,15
671,2025-12-19 04:45:23.670800+00:00,opinion_letter,主治医意見書,Claude,default,default,45599,1237,46836,26
672,2025-12-19 06:00:56.203451+00:00,opinion_letter,訪問看護指示書,gemini-3-pro-preview,default,default,184374,228,184602,56
673,2025-12-19 07:02:19.429548+00:00,opinion_letter,主治医意見書,Claude,default,default,38454,1189,39643,25
674,2025-12-19 08:02:19.931034+00:00,opinion_letter,主治医意見書,Claude,default,default,19185,994,20179,21
675,2025-12-20 01:14:40.958903+00:00,opinion_letter,主治医意見書,gemini-3-pro-preview,default,default,92403,495,92898,35
676,2025-12-20 01:17:01.785704+00:00,opinion_letter,主治医意見書,gemini-3-pro-preview,default,default,92407,464,92871,40
677,2025-12-22 06:33:52.524849+00:00,opinion_letter,主治医意見書,Claude,default,default,25741,711,26452,16
678,2025-12-23 03:33:31.124772+00:00,referral_letter,返書,Claude,眼科,橋本義弘,7485,1020,8505,15
679,2025-12-23 05:33:59.114695+00:00,referral_letter,他院への紹介,Claude,default,医師共通,64762,2163,66925,33
680,2025-12-23 06:36:16.796237+00:00,opinion_letter,主治医意見書,gemini-3-pro-preview,default,default,91110,440,91550,44
681,2025-12-23 07:19:11.052765+00:00,opinion_letter,主治医意見書,Claude,default,default,10606,1823,12429,30
682,2025-12-23 07:52:51.599907+00:00,opinion_letter,主治医意見書,Claude,default,default,10606,1105,11711,21
683,2025-12-24 01:07:10.623004+00:00,opinion_letter,主治医意見書,Claude,default,default,20083,1863,21946,31
684,2025-12-24 02:00:17.001996+00:00,opinion_letter,訪問看護指示書,Claude,default,default,78751,463,79214,12
685,2025-12-24 03:03:55.963548+00:00,opinion_letter,主治医意見書,Claude,default,default,29995,1113,31108,22
694,2025-12-25 07:19:42.644347+00:00,opinion_letter,主治医意見書,Claude,default,default,12255,799,13054,16
695,2025-12-26 02:25:18.761692+00:00,opinion_letter,主治医意見書,gemini-3-pro-preview,default,default,4416,545,4961,28
696,2025-12-26 07:25:16.412420+00:00,opinion_letter,主治医意見書,Claude,default,default,48988,756,49744,16
697,2025-12-26 08:10:19.869210+00:00,opinion_letter,主治医意見書,Claude,default,default,19054,1125,20179,19
698,2025-12-27 02:58:24.673777+00:00,opinion_letter,主治医意見書,Claude,default,default,21148,843,21991,16
699,2025-12-27 06:17:42.438862+00:00,opinion_letter,主治医意見書,Claude,default,default,25102,728,25830,15
700,2025-12-27 06:31:42.819175+00:00,opinion_letter,主治医意見書,Claude,default,default,25102,935,26037,18
701,2025-12-29 00:05:13.089332+00:00,opinion_letter,主治医意見書,Claude,default,default,21317,1526,22843,26
702,2025-12-30 00:47:03.772125+00:00,referral_letter,他院への紹介,Claude,眼科,橋本義弘,10987,745,11732,14
703,2025-12-30 01:04:35.227801+00:00,referral_letter,他院への紹介,gemini-3-pro-preview,眼科,橋本義弘,9461,439,9900,30
704,2026-01-01 07:33:02.194668+00:00,default,主治医意見書,Claude,default,default,2555,721,3276,12
705,2026-01-06 06:55:59.742163+00:00,opinion_letter,主治医意見書,gemini-3-pro-preview,default,default,103356,1260,104616,39
706,2026-01-06 07:16:18.822131+00:00,opinion_letter,主治医意見書,Claude,default,default,32286,1500,33786,25
707,2026-01-06 07:23:48.795968+00:00,opinion_letter,主治医意見書,Claude,default,default,18003,1375,19378,22
708,2026-01-06 07:31:21.608891+00:00,opinion_letter,主治医意見書,gemini-3-pro-preview,default,default,89888,877,90765,39
709,2026-01-06 07:33:15.409955+00:00,opinion_letter,主治医意見書,gemini-3-pro-preview,default,default,89888,904,90792,35
710,2026-01-06 07:34:13.430974+00:00,opinion_letter,主治医意見書,Claude,default,default,25360,1709,27069,27
711,2026-01-06 07:36:30.830565+00:00,opinion_letter,主治医意見書,Claude,default,default,25360,1811,27171,28
712,2026-01-06 07:36:38.676494+00:00,opinion_letter,主治医意見書,gemini-3-pro-preview,default,default,65759,1113,66872,41
713,2026-01-06 23:46:57.681670+00:00,opinion_letter,主治医意見書,gemini-3-pro-preview,default,default,88095,1084,89179,32
714,2026-01-06 23:53:27.022354+00:00,opinion_letter,主治医意見書,Claude,default,default,672,1406,2078,18
715,2026-01-06 23:56:48.991903+00:00,opinion_letter,主治医意見書,gemini-3-pro-preview,default,default,1840,479,2319,25
716,2026-01-06 23:59:46.899496+00:00,opinion_letter,主治医意見書,gemini-3-pro-preview,default,default,89473,458,89931,23
717,2026-01-07 01:02:05.591914+00:00,opinion_letter,主治医意見書,Claude,default,default,14664,1232,15896,21
718,2026-01-07 02:33:47.106418+00:00,opinion_letter,訪問看護指示書,Claude,default,default,29609,473,30082,9
719,2026-01-07 02:55:59.275135+00:00,opinion_letter,主治医意見書,Claude,default,default,25670,760,26430,16
720,2026-01-07 04:49:14.933559+00:00,opinion_letter,主治医意見書,Claude,default,default,29170,1032,30202,18
721,2026-01-07 06:48:34.381902+00:00,referral_letter,他院への紹介,Claude,眼科,橋本義弘,16123,718,16841,15
722,2026-01-07 06:56:29.998442+00:00,opinion_letter,主治医意見書,Claude,default,default,23600,903,24503,18
723,2026-01-07 07:30:07.264744+00:00,opinion_letter,主治医意見書,Claude,default,default,26588,825,27413,18
724,2026-01-07 10:23:37.242333+00:00,default,主治医意見書,Claude,default,default,2555,680,3235,9
725,2026-01-07 10:35:20.817227+00:00,default,主治医意見書,Claude,default,default,2555,673,3228,9
726,2026-01-07 10:36:14.328386+00:00,default,主治医意見書,Claude,default,default,2555,720,3275,10
727,2026-01-07 10:44:08.060195+00:00,default,主治医意見書,Claude,default,default,2555,743,3298,10
728,2026-01-08 00:25:52.676891+00:00,opinion_letter,主治医意見書,Claude,default,default,14664,1009,15673,19
729,2026-01-08 01:35:37.036474+00:00,opinion_letter,主治医意見書,Claude,default,default,41608,982,42590,19
730,2026-01-08 01:38:16.675790+00:00,opinion_letter,主治医意見書,gemini-3-pro-preview,default,default,33489,510,33999,27
731,2026-01-08 02:34:57.612736+00:00,opinion_letter,主治医意見書,Claude,default,default,14286,803,15089,15
732,2026-01-08 06:29:40.661278+00:00,opinion_letter,主治医意見書,Claude,default,default,8000,814,8814,16
733,2026-01-08 06:53:04.021082+00:00,opinion_letter,主治医意見書,Claude,default,default,3904,766,4670,12
734,2026-01-08 09:15:00.188591+00:00,default,主治医意見書,Claude,default,default,14286,650,14936,16
735,2026-01-08 09:21:16.668142+00:00,default,主治医意見書,Claude,default,default,14286,688,14974,16
736,2026-01-08 23:13:58.577266+00:00,referral_letter,他院への紹介,Claude,眼科,橋本義弘,2298,315,2613,6
737,2026-01-09 00:17:56.052740+00:00,opinion_letter,主治医意見書,Claude,default,default,21761,828,22589,17
738,2026-01-09 00:33:31.297159+00:00,opinion_letter,主治医意見書,Claude,default,default,10081,866,10947,15
739,2026-01-09 00:42:56.046840+00:00,opinion_letter,主治医意見書,Claude,default,default,29594,885,30479,17
740,2026-01-09 00:54:48.812313+00:00,referral_letter,他院への紹介,Claude,眼科,橋本義弘,14198,491,14689,10
741,2026-01-09 01:32:58.113625+00:00,referral_letter,紹介元への逆紹介,Claude,眼科,橋本義弘,6878,478,7356,10
742,2026-01-09 01:49:40.350480+00:00,opinion_letter,主治医意見書,gemini-3-pro-preview,default,default,17969,456,18425,33
743,2026-01-09 05:25:38.917321+00:00,opinion_letter,主治医意見書,gemini-3-pro-preview,default,default,115903,455,116358,40
744,2026-01-09 05:27:38.640708+00:00,opinion_letter,主治医意見書,gemini-3-pro-preview,default,default,115903,446,116349,33
745,2026-01-09 05:54:10.936069+00:00,opinion_letter,主治医意見書,Claude,default,default,14286,864,15150,24
746,2026-01-09 05:57:44.331743+00:00,opinion_letter,主治医意見書,Claude,default,default,39973,940,40913,18
747,2026-01-09 06:02:34.176398+00:00,opinion_letter,主治医意見書,Claude,default,default,43526,882,44408,17
748,2026-01-09 07:54:31.313246+00:00,opinion_letter,主治医意見書,Claude,default,default,16333,919,17252,17
749,2026-01-10 00:17:39.028606+00:00,opinion_letter,主治医意見書,gemini-3-pro-preview,default,default,117202,558,117760,33
750,2026-01-10 02:32:46.497286+00:00,opinion_letter,主治医意見書,Claude,default,default,47448,711,48159,16
751,2026-01-10 02:34:28.141707+00:00,opinion_letter,主治医意見書,Claude,default,default,47454,935,48389,19
752,2026-01-10 06:53:13.571543+00:00,default,主治医意見書,Claude,default,default,16333,694,17027,15
753,2026-01-10 07:43:05.463733+00:00,opinion_letter,主治医意見書,Claude,default,default,28912,1145,30057,19
754,2026-01-10 09:11:19.482348+00:00,default,主治医意見書,Claude,default,default,16333,724,17057,16
755,2026-01-10 09:26:56.871425+00:00,default,主治医意見書,Claude,default,default,16333,880,17213,19
756,2026-01-10 09:40:37.095679+00:00,default,主治医意見書,Claude,default,default,16333,707,17040,16
757,2026-01-10 09:46:21.801879+00:00,default,主治医意見書,Claude,default,default,16333,683,17016,16
758,2026-01-12 00:30:53.602481+00:00,opinion_letter,主治医意見書,Claude,default,default,19882,826,20708,16
759,2026-01-12 00:56:27.591727+00:00,opinion_letter,主治医意見書,Claude,default,default,22191,969,23160,16
760,2026-01-12 08:38:04.966476+00:00,default,退院時サマリ,Claude,default,default,16722,1207,17929,28
761,2026-01-12 08:43:16.184839+00:00,default,退院時サマリ,Claude,default,default,16722,1427,18149,30
762,2026-01-12 08:49:22.462383+00:00,default,退院時サマリ,Claude,default,default,16722,1347,18069,26
763,2026-01-13 00:50:57.399806+00:00,opinion_letter,主治医意見書,gemini-3-pro-preview,default,default,66404,601,67005,31
764,2026-01-13 01:52:20.381940+00:00,opinion_letter,主治医意見書,Claude,default,default,6882,704,7586,14
765,2026-01-13 03:15:14.119449+00:00,referral_letter,最終返書,Claude,眼科,default,14660,778,15438,15
766,2026-01-13 05:58:38.454663+00:00,opinion_letter,主治医意見書,Claude,default,default,56756,910,57666,19
767,2026-01-14 01:01:52.406419+00:00,opinion_letter,訪問看護指示書,gemini-3-pro-preview,default,default,2811,261,3072,22
768,2026-01-14 01:35:52.874860+00:00,opinion_letter,訪問看護指示書,gemini-3-pro-preview,default,default,19002,232,19234,18
769,2026-01-14 01:41:04.350308+00:00,opinion_letter,主治医意見書,Claude,default,default,23060,1148,24208,22
770,2026-01-14 06:49:44.359753+00:00,opinion_letter,訪問看護指示書,gemini-3-pro-preview,default,default,63767,254,64021,28
771,2026-01-14 06:52:19.110712+00:00,opinion_letter,主治医意見書,Claude,default,default,17689,1836,19525,29
772,2026-01-14 07:24:08.008472+00:00,opinion_letter,主治医意見書,Claude,default,default,41654,1046,42700,22
773,2026-01-14 07:24:28.317230+00:00,opinion_letter,訪問看護指示書,Claude,default,default,38194,469,38663,11
774,2026-01-14 07:44:42.312929+00:00,opinion_letter,訪問看護指示書,Claude,default,default,38194,465,38659,12
775,2026-01-14 07:58:32.584531+00:00,opinion_letter,主治医意見書,Claude,default,default,17689,2225,19914,35
776,2026-01-15 02:56:15.209411+00:00,opinion_letter,主治医意見書,Claude,default,default,17699,862,18561,18
777,2026-01-16 00:29:40.782721+00:00,opinion_letter,主治医意見書,Claude,default,default,17159,1123,18282,21
778,2026-01-16 02:07:53.007201+00:00,opinion_letter,主治医意見書,gemini-3-pro-preview,default,default,92834,547,93381,36
779,2026-01-16 04:57:12.796024+00:00,opinion_letter,主治医意見書,gemini-3-pro-preview,default,default,80978,571,81549,41
780,2026-01-16 05:14:32.681499+00:00,opinion_letter,主治医意見書,Claude,default,default,57713,976,58689,18
781,2026-01-16 05:48:27.862343+00:00,opinion_letter,訪問看護指示書,gemini-3-pro-preview,default,default,82087,254,82341,25
782,2026-01-16 06:30:03.111527+00:00,opinion_letter,主治医意見書,Claude,default,default,15590,1045,16635,21
783,2026-01-16 07:01:22.984459+00:00,opinion_letter,主治医意見書,Claude,default,default,15611,888,16499,17
784,2026-01-16 08:53:20.140360+00:00,referral_letter,他院への紹介,Claude,眼科,橋本義弘,59237,1551,60788,27
793,2026-01-17 00:19:12.568406+00:00,opinion_letter,訪問看護指示書,gemini-3-pro-preview,default,default,133812,217,134029,25
794,2026-01-17 02:06:16.787757+00:00,opinion_letter,主治医意見書,Claude,default,default,46731,730,47461,15
